{
  "best_model": "random_forest",
  "results": [
    {
      "model_name": "logistic_regression",
      "accuracy": 0.7381,
      "precision": 0.5043,
      "recall": 0.7834,
      "f1_score": 0.6136,
      "roc_auc": 0.8413,
      "classification_report": {
        "0": {
          "precision": 0.9021739130434783,
          "recall": 0.7217391304347827,
          "f1-score": 0.8019323671497585,
          "support": 1035.0
        },
        "1": {
          "precision": 0.504302925989673,
          "recall": 0.7834224598930482,
          "f1-score": 0.6136125654450262,
          "support": 374.0
        },
        "accuracy": 0.7381121362668559,
        "macro avg": {
          "precision": 0.7032384195165756,
          "recall": 0.7525807951639154,
          "f1-score": 0.7077724662973923,
          "support": 1409.0
        },
        "weighted avg": {
          "precision": 0.7965644388361517,
          "recall": 0.7381121362668559,
          "f1-score": 0.7519454219137259,
          "support": 1409.0
        }
      }
    },
    {
      "model_name": "random_forest",
      "accuracy": 0.7665,
      "precision": 0.5437,
      "recall": 0.7487,
      "f1_score": 0.6299,
      "roc_auc": 0.8414,
      "classification_report": {
        "0": {
          "precision": 0.8948545861297539,
          "recall": 0.7729468599033816,
          "f1-score": 0.8294453084499741,
          "support": 1035.0
        },
        "1": {
          "precision": 0.5436893203883495,
          "recall": 0.7486631016042781,
          "f1-score": 0.6299212598425197,
          "support": 374.0
        },
        "accuracy": 0.7665010645848119,
        "macro avg": {
          "precision": 0.7192719532590517,
          "recall": 0.7608049807538299,
          "f1-score": 0.7296832841462468,
          "support": 1409.0
        },
        "weighted avg": {
          "precision": 0.8016425141728446,
          "recall": 0.7665010645848119,
          "f1-score": 0.7764843473575767,
          "support": 1409.0
        }
      }
    },
    {
      "model_name": "xgboost",
      "accuracy": 0.7551,
      "precision": 0.5261,
      "recall": 0.7807,
      "f1_score": 0.6286,
      "roc_auc": 0.84,
      "classification_report": {
        "0": {
          "precision": 0.9039812646370023,
          "recall": 0.7458937198067633,
          "f1-score": 0.8173636844891476,
          "support": 1035.0
        },
        "1": {
          "precision": 0.5261261261261261,
          "recall": 0.7807486631016043,
          "f1-score": 0.628632938643703,
          "support": 374.0
        },
        "accuracy": 0.7551454932576295,
        "macro avg": {
          "precision": 0.7150536953815643,
          "recall": 0.7633211914541838,
          "f1-score": 0.7229983115664254,
          "support": 1409.0
        },
        "weighted avg": {
          "precision": 0.8036847268065781,
          "recall": 0.7551454932576295,
          "f1-score": 0.7672676596870212,
          "support": 1409.0
        }
      }
    },
    {
      "model_name": "lightgbm",
      "accuracy": 0.7559,
      "precision": 0.5294,
      "recall": 0.7219,
      "f1_score": 0.6109,
      "roc_auc": 0.8314,
      "classification_report": {
        "0": {
          "precision": 0.8843159065628476,
          "recall": 0.7681159420289855,
          "f1-score": 0.8221302998965874,
          "support": 1035.0
        },
        "1": {
          "precision": 0.5294117647058824,
          "recall": 0.7219251336898396,
          "f1-score": 0.6108597285067874,
          "support": 374.0
        },
        "accuracy": 0.7558552164655784,
        "macro avg": {
          "precision": 0.7068638356343651,
          "recall": 0.7450205378594126,
          "f1-score": 0.7164950142016874,
          "support": 1409.0
        },
        "weighted avg": {
          "precision": 0.7901114004915168,
          "recall": 0.7558552164655784,
          "f1-score": 0.7660513831472722,
          "support": 1409.0
        }
      }
    },
    {
      "model_name": "catboost",
      "accuracy": 0.7566,
      "precision": 0.5293,
      "recall": 0.7487,
      "f1_score": 0.6202,
      "roc_auc": 0.8372,
      "classification_report": {
        "0": {
          "precision": 0.8931818181818182,
          "recall": 0.7594202898550725,
          "f1-score": 0.8208877284595301,
          "support": 1035.0
        },
        "1": {
          "precision": 0.5293005671077504,
          "recall": 0.7486631016042781,
          "f1-score": 0.6201550387596899,
          "support": 374.0
        },
        "accuracy": 0.7565649396735273,
        "macro avg": {
          "precision": 0.7112411926447844,
          "recall": 0.7540416957296753,
          "f1-score": 0.72052138360961,
          "support": 1409.0
        },
        "weighted avg": {
          "precision": 0.7965944598413631,
          "recall": 0.7565649396735273,
          "f1-score": 0.7676059499302609,
          "support": 1409.0
        }
      }
    }
  ]
}